{"venue":{"delivery_open_status":{"value":"Open until 01:30","style":{"icon":null,"type":"OPEN"},"is_open":true,"now":"2025-07-05T08:56:35.876801+04:00","previous_open":"2025-07-05T08:00:00+04:00","next_open":"2025-07-06T08:00:00+04:00","next_close":"2025-07-06T01:30:00+04:00","next_close_time_localized":"01:30"},"id":"63230798cffc1afbe2a0007e","open_status":{"value":"Open until 01:30","style":{"icon":null,"type":"OPEN"},"is_open":true,"now":"2025-07-05T08:56:35.876801+04:00","previous_open":"2025-07-05T08:00:00+04:00","next_open":"2025-07-06T08:00:00+04:00","next_close":"2025-07-06T01:30:00+04:00","next_close_time_localized":"01:30"},"online":true,"time_slots_schedule":null,"banners":[{"type":"discount","discount":{"discount_id":"venue_campaign:68403addabd28d96d47f6c47","formatted_text":"-15 GEL on orders from 37 GEL and above","text_color":{"light":"#202125","dark":"#FFFFFF","high_contrast_light":null,"high_contrast_dark":null},"background_color":{"light":"#13009de0","dark":"#28009de0","high_contrast_light":null,"high_contrast_dark":null},"image":{"url":"https://imageproxy.wolt.com/static-assets/venue-content/campaigns/banners/deal.png?transparent=","blurhash":null},"subheading":null,"subtitle":{"text":"Show details","color":{"light":"#009DE0","dark":"#009DE0","high_contrast_light":null,"high_contrast_dark":null}},"show_wolt_plus":false,"show_in_header":true,"show_in_cart":true,"show_in_item":false,"show_in_menu":false,"right_to_left":null}},{"type":"discount","discount":{"discount_id":"venue_campaign:68133e5662328691faad718c","formatted_text":"0₾ delivery fee for 14 days!","text_color":{"light":"#202125","dark":"#FFFFFF","high_contrast_light":null,"high_contrast_dark":null},"background_color":{"light":"#13009de0","dark":"#28009de0","high_contrast_light":null,"high_contrast_dark":null},"image":{"url":"https://imageproxy.wolt.com/static-assets/venue-content/campaigns/banners/deal.png?transparent=","blurhash":null},"subheading":null,"subtitle":{"text":"Show details","color":{"light":"#009DE0","dark":"#009DE0","high_contrast_light":null,"high_contrast_dark":null}},"show_wolt_plus":false,"show_in_header":true,"show_in_cart":true,"show_in_item":false,"show_in_menu":false,"right_to_left":null}}],"header":{"delivery_method_default":"UNAVAILABLE","delivery_method_statuses":[{"delivery_method":"UNAVAILABLE","metadata":[{"type":"STRING_WITH_ICON","link":null,"icon":"RATING_4","style":"NORMAL","value":"7.8"},{"type":"STRING","link":null,"icon":null,"style":"NORMAL","value":"Open until 01:30"},{"type":"STRING","link":null,"icon":null,"style":"NORMAL","value":"Min. order GEL12.00"}],"call_to_action":{"icon":"LOCATION","style":"NO_FILL","enabled":true,"configurable":false,"value":"Change address"},"group_order_button":{"enabled":false,"visible":false},"notification":"This restaurant is currently not delivering to your location. Check back later.","disclaimer":null}]},"delivery_configs":[{"label":"Standard","description":null,"tag":null,"method":"homedelivery","schedule":"standard","estimate":{"label":"45-55 min","min":45,"mean":50,"max":55},"price":null,"tso_schedule":null,"info_banner":null}],"show_wolt_plus":false},"venue_raw":{"id":"63230798cffc1afbe2a0007e","favourite":false,"preestimate_total":{"min":45,"max":55,"mean":50},"preestimate_preparation":{"min":10,"max":15,"mean":10},"alive":true,"applepay_callback_flow_enabled":false,"googlepay_callback_flow_enabled":false,"discounts":[{"id":"venue_campaign:68403addabd28d96d47f6c47","effects":{"basket_discount":{"amount":1500,"fraction":null,"min_amount":null,"max_amount":null,"include":null,"exclude":null},"delivery_discount":null,"free_items":null,"item_discount":null},"conditions":{"basket_contains":[{"min_amount":3700,"max_amount":null,"any_of_items":null,"items_from_categories":null,"min_quantity":null,"max_quantity":null,"any_of_option_values":null,"including_restricted_items":false}],"preorder":null,"delivery_methods":["homedelivery"],"min_distance":null,"max_distance":null,"weekly_time_restrictions":null,"delivery_area":null,"has_wolt_plus":null},"description":{"title":"-15 GEL on orders from 37 GEL and above","body":null,"points":["37 GEL minimum order","For home delivery orders only","This promotion does not apply to restricted items and some service-related fees.","Cannot be combined with other promotions","Offer is valid from 1 Jul 2025 until 31 Jul 2025 or until the maximum limit for promotions is reached whichever is earlier"],"progress_bar":null},"optional":true,"group":"generic","banner":{"formatted_text":"-15 GEL on orders from 37 GEL and above","text_color":{"light":"#202125","dark":"#FFFFFF","high_contrast_light":null,"high_contrast_dark":null},"background_colour":{"light":"#13009de0","dark":"#28009de0","high_contrast_light":null,"high_contrast_dark":null},"background_color":{"light":"#13009de0","dark":"#28009de0","high_contrast_light":null,"high_contrast_dark":null},"image":{"url":"https://imageproxy.wolt.com/static-assets/venue-content/campaigns/banners/deal.png?transparent=","blurhash":null},"subheading":null,"subtitle":{"text":"Show details","color":{"light":"#009DE0","dark":"#009DE0","high_contrast_light":null,"high_contrast_dark":null}},"show_wolt_plus":false,"show_in_header":true,"show_in_cart":true,"show_in_item":false,"show_in_menu":false,"right_to_left":null},"condition_item_badge":null,"effect_item_badge":null,"details":{"hide_condition_items":false,"hide_effect_items":false,"is_omnibus_campaign":false}},{"id":"venue_campaign:68133e5662328691faad718c","effects":{"basket_discount":null,"delivery_discount":{"amount":0,"fraction":1.0,"min_amount":null,"max_amount":null},"free_items":null,"item_discount":null},"conditions":{"basket_contains":[],"preorder":null,"delivery_methods":null,"min_distance":null,"max_distance":null,"weekly_time_restrictions":null,"delivery_area":null,"has_wolt_plus":null},"description":{"title":"0₾ delivery fee for 14 days!","body":null,"points":["Offer is valid from 17 Apr 2025 until 14 Aug 2025 or until the maximum limit for promotions is reached whichever is earlier"],"progress_bar":null},"optional":false,"group":null,"banner":{"formatted_text":"0₾ delivery fee for 14 days!","text_color":{"light":"#202125","dark":"#FFFFFF","high_contrast_light":null,"high_contrast_dark":null},"background_colour":{"light":"#13009de0","dark":"#28009de0","high_contrast_light":null,"high_contrast_dark":null},"background_color":{"light":"#13009de0","dark":"#28009de0","high_contrast_light":null,"high_contrast_dark":null},"image":{"url":"https://imageproxy.wolt.com/static-assets/venue-content/campaigns/banners/deal.png?transparent=","blurhash":null},"subheading":null,"subtitle":{"text":"Show details","color":{"light":"#009DE0","dark":"#009DE0","high_contrast_light":null,"high_contrast_dark":null}},"show_wolt_plus":false,"show_in_header":true,"show_in_cart":true,"show_in_item":false,"show_in_menu":false,"right_to_left":null},"condition_item_badge":null,"effect_item_badge":null,"details":{"hide_condition_items":false,"hide_effect_items":false,"is_omnibus_campaign":false}}],"surcharges":[{"id":"venue_campaign:659c48f748883ec6a4d11304","effects":{"basket_surcharge":null,"delivery_surcharge":{"amount":100,"fraction":null,"min_amount":null,"max_amount":null}},"conditions":{"basket_contains":[],"preorder":null,"delivery_methods":["homedelivery"],"min_distance":null,"max_distance":null,"weekly_time_restrictions":[{"start":0,"end":480},{"start":1440,"end":1920},{"start":2880,"end":3360},{"start":4320,"end":4800},{"start":5760,"end":6240},{"start":7200,"end":7680},{"start":8640,"end":9120}],"delivery_area":{"bbox":null,"type":"Polygon","coordinates":[[[44.67720542622229,41.83206661831784],[44.65846851123513,41.89295804056172],[44.893531626528926,41.806678079384255],[45.008231629456276,41.73569397972045],[45.00254640463547,41.699936317633416],[44.91397189742332,41.60702850837686],[44.77375234062541,41.61280291497502],[44.5801141394702,41.62231022841843],[44.532420174048724,41.731723252042144],[44.67720542622229,41.83206661831784]]]},"has_wolt_plus":false},"description":{"title":"Night time fee","body":"The night time fee helps us get you the products you need no matter what time it is."},"venue_header_text":null,"checkout_toast":null}],"delivery_specs":{"delivery_enabled":true,"order_minimum_no_surcharge":1200,"order_minimum_possible":0,"delivery_times":{"monday":[{"type":"open","value":0},{"type":"close","value":5400},{"type":"open","value":28800}],"tuesday":[{"type":"close","value":5400},{"type":"open","value":28800}],"wednesday":[{"type":"close","value":5400},{"type":"open","value":28800}],"thursday":[{"type":"close","value":5400},{"type":"open","value":28800}],"friday":[{"type":"close","value":5400},{"type":"open","value":28800}],"saturday":[{"type":"close","value":5400},{"type":"open","value":28800}],"sunday":[{"type":"close","value":5400},{"type":"open","value":28800},{"type":"close","value":86400}]},"original_delivery_price":699,"delivery_pricing":{"base_price":149,"price_ranges":[{"min":0,"max":1200,"a":1279,"b":-1.0,"flag":null,"custom_distance_ranges":null},{"min":1200,"max":1580,"a":79,"b":0.0,"flag":null,"custom_distance_ranges":null},{"min":1580,"max":4980,"a":0,"b":0.05,"flag":null,"custom_distance_ranges":null},{"min":4980,"max":0,"a":249,"b":0.0,"flag":null,"custom_distance_ranges":null}],"distance_ranges":[{"min":0,"max":269,"a":0,"b":0.0,"flag":null},{"min":269,"max":353,"a":10,"b":0.0,"flag":null},{"min":353,"max":502,"a":20,"b":0.0,"flag":null},{"min":502,"max":527,"a":30,"b":0.0,"flag":null},{"min":527,"max":619,"a":40,"b":0.0,"flag":null},{"min":619,"max":791,"a":50,"b":0.0,"flag":null},{"min":791,"max":1042,"a":76,"b":0.0,"flag":null},{"min":1042,"max":1308,"a":100,"b":0.0,"flag":null},{"min":1308,"max":1590,"a":126,"b":0.0,"flag":null},{"min":1590,"max":2040,"a":150,"b":0.0,"flag":null},{"min":2040,"max":2687,"a":200,"b":0.0,"flag":null},{"min":2687,"max":3383,"a":250,"b":0.0,"flag":null},{"min":3383,"max":4116,"a":300,"b":0.0,"flag":null},{"min":4116,"max":4871,"a":350,"b":0.0,"flag":null},{"min":4871,"max":5632,"a":400,"b":0.0,"flag":null},{"min":5632,"max":6377,"a":450,"b":0.0,"flag":null},{"min":6377,"max":7085,"a":500,"b":0.0,"flag":null},{"min":7085,"max":0,"a":550,"b":0.0,"flag":null}],"meta":{"subscription_minimum_basket":null,"subscription_max_distance":null,"subscription_plan_id":null}},"delivery_pricing_with_subscription":null,"delivery_pricing_without_subscription":null,"geo_range":{"bbox":null,"type":"Polygon","coordinates":[[[44.806606299929385,41.764636880751475],[44.79326095278352,41.76484683769445],[44.78506295907508,41.76778503042959],[44.78181838989258,41.7687510944553],[44.78530845693483,41.77571496779032],[44.78979398907114,41.80978263326154],[44.77925181218412,41.825064043237326],[44.77930326468692,41.82742257324855],[44.780866968529295,41.83007550530571],[44.80780508948584,41.829805400081895],[44.81476891746987,41.825746607925865],[44.82326899283483,41.824023956041145],[44.834962945778635,41.822439512384165],[44.84342316012976,41.81868330571741],[44.85043105569176,41.81296482190358],[44.8460308283444,41.81036900577492],[44.85030555231373,41.80789002750675],[44.845483449572455,41.80569314403837],[44.848825735531435,41.801027798201766],[44.85088245083201,41.79596598717895],[44.85157483860344,41.79070230347246],[44.85151290893555,41.78571306765792],[44.866018295288086,41.7773926602366],[44.86644744873047,41.774896327485244],[44.86249923706055,41.77233588526917],[44.85649108886719,41.7697113259236],[44.850826263427734,41.77207983542602],[44.84567642211914,41.7746402878631],[44.84315307158464,41.773611439341856],[44.83966827392578,41.77432023689807],[44.833316802978516,41.77438424721882],[44.8322868347168,41.77393617363194],[44.83151435852051,41.77291199367918],[44.83039855957031,41.769007157585534],[44.825334548950195,41.76958329589161],[44.82001304626465,41.77041548653221],[44.814348220825195,41.77143970634653],[44.81151580810546,41.77041548653221],[44.80928421020508,41.76887912614817],[44.806880950927734,41.765422180753326],[44.806606299929385,41.764636880751475]]]},"subscription":{"active_plan_id":null,"available_plan_id":null}},"self_delivery":false,"payment_method_restrictions":null,"discounts_restrictions_text":"The following categories are excluded from offers: tobacco, nicotine products, smokers items and accessories and lottery scratchcards","credits_restrictions_text":"Wolt credits and gift cards can't be used for purchasing tobacco and nicotine products.","preorder_specs":null,"group_order_id":""},"is_venue_favourite":false,"order_status":{"value":""},"order_minimum":1200,"do_use_backend_pricing":"no"}