{"venue":{"delivery_open_status":{"value":"Open all day","style":{"icon":null,"type":"OPEN"},"is_open":true,"now":"2025-07-05T08:56:16.613143+04:00","previous_open":null,"next_open":null,"next_close":null,"next_close_time_localized":null},"id":"6322f87c8c40b3e7987356ef","open_status":{"value":"Open all day","style":{"icon":null,"type":"OPEN"},"is_open":true,"now":"2025-07-05T08:56:16.613143+04:00","previous_open":null,"next_open":null,"next_close":null,"next_close_time_localized":null},"online":true,"time_slots_schedule":null,"banners":[{"type":"discount","discount":{"discount_id":"venue_campaign:68403addabd28d96d47f6c47","formatted_text":"-15 GEL on orders from 37 GEL and above","text_color":{"light":"#202125","dark":"#FFFFFF","high_contrast_light":null,"high_contrast_dark":null},"background_color":{"light":"#13009de0","dark":"#28009de0","high_contrast_light":null,"high_contrast_dark":null},"image":{"url":"https://imageproxy.wolt.com/static-assets/venue-content/campaigns/banners/deal.png?transparent=","blurhash":null},"subheading":null,"subtitle":{"text":"Show details","color":{"light":"#009DE0","dark":"#009DE0","high_contrast_light":null,"high_contrast_dark":null}},"show_wolt_plus":false,"show_in_header":true,"show_in_cart":true,"show_in_item":false,"show_in_menu":false,"right_to_left":null}},{"type":"discount","discount":{"discount_id":"venue_campaign:68133e5662328691faad718c","formatted_text":"0₾ delivery fee for 14 days!","text_color":{"light":"#202125","dark":"#FFFFFF","high_contrast_light":null,"high_contrast_dark":null},"background_color":{"light":"#13009de0","dark":"#28009de0","high_contrast_light":null,"high_contrast_dark":null},"image":{"url":"https://imageproxy.wolt.com/static-assets/venue-content/campaigns/banners/deal.png?transparent=","blurhash":null},"subheading":null,"subtitle":{"text":"Show details","color":{"light":"#009DE0","dark":"#009DE0","high_contrast_light":null,"high_contrast_dark":null}},"show_wolt_plus":false,"show_in_header":true,"show_in_cart":true,"show_in_item":false,"show_in_menu":false,"right_to_left":null}}],"header":{"delivery_method_default":"UNAVAILABLE","delivery_method_statuses":[{"delivery_method":"UNAVAILABLE","metadata":[{"type":"STRING_WITH_ICON","link":null,"icon":"RATING_4","style":"NORMAL","value":"8.4"},{"type":"STRING","link":null,"icon":null,"style":"NORMAL","value":"Open all day"},{"type":"STRING","link":null,"icon":null,"style":"NORMAL","value":"Min. order GEL12.00"}],"call_to_action":{"icon":"LOCATION","style":"NO_FILL","enabled":true,"configurable":false,"value":"Change address"},"group_order_button":{"enabled":false,"visible":false},"notification":"This restaurant is currently not delivering to your location. Check back later.","disclaimer":null}]},"delivery_configs":[{"label":"Standard","description":null,"tag":null,"method":"homedelivery","schedule":"standard","estimate":{"label":"20-30 min","min":20,"mean":25,"max":30},"price":null,"tso_schedule":null,"info_banner":null}],"show_wolt_plus":false},"venue_raw":{"id":"6322f87c8c40b3e7987356ef","favourite":false,"preestimate_total":{"min":20,"max":30,"mean":25},"preestimate_preparation":{"min":10,"max":15,"mean":10},"alive":true,"applepay_callback_flow_enabled":false,"googlepay_callback_flow_enabled":false,"discounts":[{"id":"venue_campaign:68403addabd28d96d47f6c47","effects":{"basket_discount":{"amount":1500,"fraction":null,"min_amount":null,"max_amount":null,"include":null,"exclude":null},"delivery_discount":null,"free_items":null,"item_discount":null},"conditions":{"basket_contains":[{"min_amount":3700,"max_amount":null,"any_of_items":null,"items_from_categories":null,"min_quantity":null,"max_quantity":null,"any_of_option_values":null,"including_restricted_items":false}],"preorder":null,"delivery_methods":["homedelivery"],"min_distance":null,"max_distance":null,"weekly_time_restrictions":null,"delivery_area":null,"has_wolt_plus":null},"description":{"title":"-15 GEL on orders from 37 GEL and above","body":null,"points":["37 GEL minimum order","For home delivery orders only","This promotion does not apply to restricted items and some service-related fees.","Cannot be combined with other promotions","Offer is valid from 1 Jul 2025 until 31 Jul 2025 or until the maximum limit for promotions is reached whichever is earlier"],"progress_bar":null},"optional":true,"group":"generic","banner":{"formatted_text":"-15 GEL on orders from 37 GEL and above","text_color":{"light":"#202125","dark":"#FFFFFF","high_contrast_light":null,"high_contrast_dark":null},"background_colour":{"light":"#13009de0","dark":"#28009de0","high_contrast_light":null,"high_contrast_dark":null},"background_color":{"light":"#13009de0","dark":"#28009de0","high_contrast_light":null,"high_contrast_dark":null},"image":{"url":"https://imageproxy.wolt.com/static-assets/venue-content/campaigns/banners/deal.png?transparent=","blurhash":null},"subheading":null,"subtitle":{"text":"Show details","color":{"light":"#009DE0","dark":"#009DE0","high_contrast_light":null,"high_contrast_dark":null}},"show_wolt_plus":false,"show_in_header":true,"show_in_cart":true,"show_in_item":false,"show_in_menu":false,"right_to_left":null},"condition_item_badge":null,"effect_item_badge":null,"details":{"hide_condition_items":false,"hide_effect_items":false,"is_omnibus_campaign":false}},{"id":"venue_campaign:68133e5662328691faad718c","effects":{"basket_discount":null,"delivery_discount":{"amount":0,"fraction":1.0,"min_amount":null,"max_amount":null},"free_items":null,"item_discount":null},"conditions":{"basket_contains":[],"preorder":null,"delivery_methods":null,"min_distance":null,"max_distance":null,"weekly_time_restrictions":null,"delivery_area":null,"has_wolt_plus":null},"description":{"title":"0₾ delivery fee for 14 days!","body":null,"points":["Offer is valid from 17 Apr 2025 until 14 Aug 2025 or until the maximum limit for promotions is reached whichever is earlier"],"progress_bar":null},"optional":false,"group":null,"banner":{"formatted_text":"0₾ delivery fee for 14 days!","text_color":{"light":"#202125","dark":"#FFFFFF","high_contrast_light":null,"high_contrast_dark":null},"background_colour":{"light":"#13009de0","dark":"#28009de0","high_contrast_light":null,"high_contrast_dark":null},"background_color":{"light":"#13009de0","dark":"#28009de0","high_contrast_light":null,"high_contrast_dark":null},"image":{"url":"https://imageproxy.wolt.com/static-assets/venue-content/campaigns/banners/deal.png?transparent=","blurhash":null},"subheading":null,"subtitle":{"text":"Show details","color":{"light":"#009DE0","dark":"#009DE0","high_contrast_light":null,"high_contrast_dark":null}},"show_wolt_plus":false,"show_in_header":true,"show_in_cart":true,"show_in_item":false,"show_in_menu":false,"right_to_left":null},"condition_item_badge":null,"effect_item_badge":null,"details":{"hide_condition_items":false,"hide_effect_items":false,"is_omnibus_campaign":false}}],"surcharges":[{"id":"venue_campaign:659c48f748883ec6a4d11304","effects":{"basket_surcharge":null,"delivery_surcharge":{"amount":100,"fraction":null,"min_amount":null,"max_amount":null}},"conditions":{"basket_contains":[],"preorder":null,"delivery_methods":["homedelivery"],"min_distance":null,"max_distance":null,"weekly_time_restrictions":[{"start":0,"end":480},{"start":1440,"end":1920},{"start":2880,"end":3360},{"start":4320,"end":4800},{"start":5760,"end":6240},{"start":7200,"end":7680},{"start":8640,"end":9120}],"delivery_area":{"bbox":null,"type":"Polygon","coordinates":[[[44.67720542622229,41.83206661831784],[44.65846851123513,41.89295804056172],[44.893531626528926,41.806678079384255],[45.008231629456276,41.73569397972045],[45.00254640463547,41.699936317633416],[44.91397189742332,41.60702850837686],[44.77375234062541,41.61280291497502],[44.5801141394702,41.62231022841843],[44.532420174048724,41.731723252042144],[44.67720542622229,41.83206661831784]]]},"has_wolt_plus":false},"description":{"title":"Night time fee","body":"The night time fee helps us get you the products you need no matter what time it is."},"venue_header_text":null,"checkout_toast":null}],"delivery_specs":{"delivery_enabled":true,"order_minimum_no_surcharge":1200,"order_minimum_possible":0,"delivery_times":{"monday":[{"type":"open","value":0}],"tuesday":null,"wednesday":null,"thursday":null,"friday":null,"saturday":null,"sunday":[{"type":"close","value":86400}]},"original_delivery_price":399,"delivery_pricing":{"base_price":149,"price_ranges":[{"min":0,"max":1200,"a":1279,"b":-1.0,"flag":null,"custom_distance_ranges":null},{"min":1200,"max":1580,"a":79,"b":0.0,"flag":null,"custom_distance_ranges":null},{"min":1580,"max":4980,"a":0,"b":0.05,"flag":null,"custom_distance_ranges":null},{"min":4980,"max":0,"a":249,"b":0.0,"flag":null,"custom_distance_ranges":null}],"distance_ranges":[{"min":0,"max":269,"a":0,"b":0.0,"flag":null},{"min":269,"max":353,"a":10,"b":0.0,"flag":null},{"min":353,"max":502,"a":20,"b":0.0,"flag":null},{"min":502,"max":527,"a":30,"b":0.0,"flag":null},{"min":527,"max":619,"a":40,"b":0.0,"flag":null},{"min":619,"max":791,"a":50,"b":0.0,"flag":null},{"min":791,"max":1042,"a":76,"b":0.0,"flag":null},{"min":1042,"max":1308,"a":100,"b":0.0,"flag":null},{"min":1308,"max":1590,"a":126,"b":0.0,"flag":null},{"min":1590,"max":2040,"a":150,"b":0.0,"flag":null},{"min":2040,"max":2687,"a":200,"b":0.0,"flag":null},{"min":2687,"max":3383,"a":250,"b":0.0,"flag":null},{"min":3383,"max":4116,"a":300,"b":0.0,"flag":null},{"min":4116,"max":4871,"a":350,"b":0.0,"flag":null},{"min":4871,"max":5632,"a":400,"b":0.0,"flag":null},{"min":5632,"max":6377,"a":450,"b":0.0,"flag":null},{"min":6377,"max":7085,"a":500,"b":0.0,"flag":null},{"min":7085,"max":0,"a":550,"b":0.0,"flag":null}],"meta":{"subscription_minimum_basket":null,"subscription_max_distance":null,"subscription_plan_id":null}},"delivery_pricing_with_subscription":null,"delivery_pricing_without_subscription":null,"geo_range":{"bbox":null,"type":"Polygon","coordinates":[[[44.78919982910156,41.70957312589701],[44.802256580509805,41.69995696278859],[44.79924674918041,41.697918880539284],[44.78921439783827,41.69801837604756],[44.78616622672227,41.701691784036676],[44.77963332000803,41.711269723394715],[44.7733211517334,41.71278261119225],[44.75917849500095,41.71504267669859],[44.74634430188542,41.71495553615265],[44.746309842483385,41.718848834284714],[44.74445287041206,41.7277904244719],[44.74035328832136,41.739475957378275],[44.74169106319052,41.74230489951773],[44.7418212890625,41.7500557253812],[44.7612190246582,41.75056799983767],[44.771754421526424,41.74531552371426],[44.772205352783196,41.737952052233936],[44.7733211517334,41.73455749088849],[44.77417945861816,41.73270001345455],[44.77649688720703,41.730201941868124],[44.778900146484375,41.72821622592342],[44.781646728515625,41.72597421479714],[44.782419204711914,41.72386024693132],[44.7828483581543,41.722771206038104],[44.78396415710449,41.721297768391494],[44.78473663330078,41.72065713278953],[44.78507995605469,41.72027274836272],[44.78533744812012,41.71956803760863],[44.78593826293945,41.7185429899891],[44.787139892578125,41.71751792601962],[44.78731155395508,41.71738979187383],[44.788856506347656,41.71322529306639],[44.78919982910156,41.70957312589701]]]},"subscription":{"active_plan_id":null,"available_plan_id":null}},"self_delivery":false,"payment_method_restrictions":null,"discounts_restrictions_text":"The following categories are excluded from offers: tobacco, nicotine products, smokers items and accessories and lottery scratchcards","credits_restrictions_text":"Wolt credits and gift cards can't be used for purchasing tobacco and nicotine products.","preorder_specs":null,"group_order_id":""},"is_venue_favourite":false,"order_status":{"value":""},"order_minimum":1200,"do_use_backend_pricing":"no"}