{"venue":{"delivery_open_status":{"value":"Open all day","style":{"icon":null,"type":"OPEN"},"is_open":true,"now":"2025-07-05T08:56:05.878069+04:00","previous_open":null,"next_open":null,"next_close":null,"next_close_time_localized":null},"id":"63243fffd6492075ea2a13ee","open_status":{"value":"Open all day","style":{"icon":null,"type":"OPEN"},"is_open":true,"now":"2025-07-05T08:56:05.878069+04:00","previous_open":null,"next_open":null,"next_close":null,"next_close_time_localized":null},"online":true,"time_slots_schedule":null,"banners":[{"type":"discount","discount":{"discount_id":"venue_campaign:68403addabd28d96d47f6c47","formatted_text":"-15 GEL on orders from 37 GEL and above","text_color":{"light":"#202125","dark":"#FFFFFF","high_contrast_light":null,"high_contrast_dark":null},"background_color":{"light":"#13009de0","dark":"#28009de0","high_contrast_light":null,"high_contrast_dark":null},"image":{"url":"https://imageproxy.wolt.com/static-assets/venue-content/campaigns/banners/deal.png?transparent=","blurhash":null},"subheading":null,"subtitle":{"text":"Show details","color":{"light":"#009DE0","dark":"#009DE0","high_contrast_light":null,"high_contrast_dark":null}},"show_wolt_plus":false,"show_in_header":true,"show_in_cart":true,"show_in_item":false,"show_in_menu":false,"right_to_left":null}},{"type":"discount","discount":{"discount_id":"venue_campaign:68133e5662328691faad718c","formatted_text":"0₾ delivery fee for 14 days!","text_color":{"light":"#202125","dark":"#FFFFFF","high_contrast_light":null,"high_contrast_dark":null},"background_color":{"light":"#13009de0","dark":"#28009de0","high_contrast_light":null,"high_contrast_dark":null},"image":{"url":"https://imageproxy.wolt.com/static-assets/venue-content/campaigns/banners/deal.png?transparent=","blurhash":null},"subheading":null,"subtitle":{"text":"Show details","color":{"light":"#009DE0","dark":"#009DE0","high_contrast_light":null,"high_contrast_dark":null}},"show_wolt_plus":false,"show_in_header":true,"show_in_cart":true,"show_in_item":false,"show_in_menu":false,"right_to_left":null}}],"header":{"delivery_method_default":"DELIVERY","delivery_method_statuses":[{"delivery_method":"DELIVERY","metadata":[{"type":"STRING_WITH_ICON","link":null,"icon":"RATING_4","style":"NORMAL","value":"8.4"},{"type":"STRING","link":null,"icon":null,"style":"NORMAL","value":"Open all day"},{"type":"STRING","link":null,"icon":null,"style":"NORMAL","value":"Min. order GEL12.00"},{"type":"STRING_WITH_ICON","link":null,"icon":"CYCLIST","style":"NORMAL","value":"GEL0.00"}],"call_to_action":{"icon":"CYCLIST","style":"FILLED","enabled":true,"configurable":false,"value":"Delivery 30-40 min"},"group_order_button":{"enabled":false,"visible":false},"notification":null,"disclaimer":null},{"delivery_method":"DELIVERY_SCHEDULED","metadata":[{"type":"STRING_WITH_ICON","link":null,"icon":"RATING_4","style":"NORMAL","value":"8.4"},{"type":"STRING","link":null,"icon":null,"style":"NORMAL","value":"Open all day"},{"type":"STRING","link":null,"icon":null,"style":"NORMAL","value":"Min. order GEL12.00"},{"type":"STRING_WITH_ICON","link":null,"icon":"CYCLIST","style":"NORMAL","value":"GEL0.00"}],"call_to_action":{"icon":"CALENDAR","style":"NO_FILL","enabled":true,"configurable":false,"value":"Schedule order"},"group_order_button":{"enabled":false,"visible":false},"notification":null,"disclaimer":null}]},"delivery_configs":[{"label":"Standard","description":null,"tag":null,"method":"homedelivery","schedule":"standard","estimate":{"label":"30-40 min","min":30,"mean":35,"max":40},"price":null,"tso_schedule":null,"info_banner":null}],"show_wolt_plus":false},"venue_raw":{"id":"63243fffd6492075ea2a13ee","favourite":false,"preestimate_total":{"min":30,"max":40,"mean":35},"preestimate_preparation":{"min":10,"max":15,"mean":15},"alive":true,"applepay_callback_flow_enabled":false,"googlepay_callback_flow_enabled":false,"discounts":[{"id":"venue_campaign:68403addabd28d96d47f6c47","effects":{"basket_discount":{"amount":1500,"fraction":null,"min_amount":null,"max_amount":null,"include":null,"exclude":null},"delivery_discount":null,"free_items":null,"item_discount":null},"conditions":{"basket_contains":[{"min_amount":3700,"max_amount":null,"any_of_items":null,"items_from_categories":null,"min_quantity":null,"max_quantity":null,"any_of_option_values":null,"including_restricted_items":false}],"preorder":null,"delivery_methods":["homedelivery"],"min_distance":null,"max_distance":null,"weekly_time_restrictions":null,"delivery_area":null,"has_wolt_plus":null},"description":{"title":"-15 GEL on orders from 37 GEL and above","body":null,"points":["37 GEL minimum order","For home delivery orders only","This promotion does not apply to restricted items and some service-related fees.","Cannot be combined with other promotions","Offer is valid from 1 Jul 2025 until 31 Jul 2025 or until the maximum limit for promotions is reached whichever is earlier"],"progress_bar":null},"optional":true,"group":"generic","banner":{"formatted_text":"-15 GEL on orders from 37 GEL and above","text_color":{"light":"#202125","dark":"#FFFFFF","high_contrast_light":null,"high_contrast_dark":null},"background_colour":{"light":"#13009de0","dark":"#28009de0","high_contrast_light":null,"high_contrast_dark":null},"background_color":{"light":"#13009de0","dark":"#28009de0","high_contrast_light":null,"high_contrast_dark":null},"image":{"url":"https://imageproxy.wolt.com/static-assets/venue-content/campaigns/banners/deal.png?transparent=","blurhash":null},"subheading":null,"subtitle":{"text":"Show details","color":{"light":"#009DE0","dark":"#009DE0","high_contrast_light":null,"high_contrast_dark":null}},"show_wolt_plus":false,"show_in_header":true,"show_in_cart":true,"show_in_item":false,"show_in_menu":false,"right_to_left":null},"condition_item_badge":null,"effect_item_badge":null,"details":{"hide_condition_items":false,"hide_effect_items":false,"is_omnibus_campaign":false}},{"id":"venue_campaign:68133e5662328691faad718c","effects":{"basket_discount":null,"delivery_discount":{"amount":0,"fraction":1.0,"min_amount":null,"max_amount":null},"free_items":null,"item_discount":null},"conditions":{"basket_contains":[],"preorder":null,"delivery_methods":null,"min_distance":null,"max_distance":null,"weekly_time_restrictions":null,"delivery_area":null,"has_wolt_plus":null},"description":{"title":"0₾ delivery fee for 14 days!","body":null,"points":["Offer is valid from 17 Apr 2025 until 14 Aug 2025 or until the maximum limit for promotions is reached whichever is earlier"],"progress_bar":null},"optional":false,"group":null,"banner":{"formatted_text":"0₾ delivery fee for 14 days!","text_color":{"light":"#202125","dark":"#FFFFFF","high_contrast_light":null,"high_contrast_dark":null},"background_colour":{"light":"#13009de0","dark":"#28009de0","high_contrast_light":null,"high_contrast_dark":null},"background_color":{"light":"#13009de0","dark":"#28009de0","high_contrast_light":null,"high_contrast_dark":null},"image":{"url":"https://imageproxy.wolt.com/static-assets/venue-content/campaigns/banners/deal.png?transparent=","blurhash":null},"subheading":null,"subtitle":{"text":"Show details","color":{"light":"#009DE0","dark":"#009DE0","high_contrast_light":null,"high_contrast_dark":null}},"show_wolt_plus":false,"show_in_header":true,"show_in_cart":true,"show_in_item":false,"show_in_menu":false,"right_to_left":null},"condition_item_badge":null,"effect_item_badge":null,"details":{"hide_condition_items":false,"hide_effect_items":false,"is_omnibus_campaign":false}}],"surcharges":[{"id":"venue_campaign:659c48f748883ec6a4d11304","effects":{"basket_surcharge":null,"delivery_surcharge":{"amount":100,"fraction":null,"min_amount":null,"max_amount":null}},"conditions":{"basket_contains":[],"preorder":null,"delivery_methods":["homedelivery"],"min_distance":null,"max_distance":null,"weekly_time_restrictions":[{"start":0,"end":480},{"start":1440,"end":1920},{"start":2880,"end":3360},{"start":4320,"end":4800},{"start":5760,"end":6240},{"start":7200,"end":7680},{"start":8640,"end":9120}],"delivery_area":{"bbox":null,"type":"Polygon","coordinates":[[[44.67720542622229,41.83206661831784],[44.65846851123513,41.89295804056172],[44.893531626528926,41.806678079384255],[45.008231629456276,41.73569397972045],[45.00254640463547,41.699936317633416],[44.91397189742332,41.60702850837686],[44.77375234062541,41.61280291497502],[44.5801141394702,41.62231022841843],[44.532420174048724,41.731723252042144],[44.67720542622229,41.83206661831784]]]},"has_wolt_plus":false},"description":{"title":"Night time fee","body":"The night time fee helps us get you the products you need no matter what time it is."},"venue_header_text":null,"checkout_toast":null}],"delivery_specs":{"delivery_enabled":true,"order_minimum_no_surcharge":1200,"order_minimum_possible":0,"delivery_times":{"monday":[{"type":"open","value":0}],"tuesday":null,"wednesday":null,"thursday":null,"friday":null,"saturday":null,"sunday":[{"type":"close","value":86400}]},"original_delivery_price":449,"delivery_pricing":{"base_price":149,"price_ranges":[{"min":0,"max":1200,"a":1279,"b":-1.0,"flag":null,"custom_distance_ranges":null},{"min":1200,"max":1580,"a":79,"b":0.0,"flag":null,"custom_distance_ranges":null},{"min":1580,"max":4980,"a":0,"b":0.05,"flag":null,"custom_distance_ranges":null},{"min":4980,"max":0,"a":249,"b":0.0,"flag":null,"custom_distance_ranges":null}],"distance_ranges":[{"min":0,"max":269,"a":0,"b":0.0,"flag":null},{"min":269,"max":353,"a":10,"b":0.0,"flag":null},{"min":353,"max":502,"a":20,"b":0.0,"flag":null},{"min":502,"max":527,"a":30,"b":0.0,"flag":null},{"min":527,"max":619,"a":40,"b":0.0,"flag":null},{"min":619,"max":791,"a":50,"b":0.0,"flag":null},{"min":791,"max":1042,"a":76,"b":0.0,"flag":null},{"min":1042,"max":1308,"a":100,"b":0.0,"flag":null},{"min":1308,"max":1590,"a":126,"b":0.0,"flag":null},{"min":1590,"max":2040,"a":150,"b":0.0,"flag":null},{"min":2040,"max":2687,"a":200,"b":0.0,"flag":null},{"min":2687,"max":3383,"a":250,"b":0.0,"flag":null},{"min":3383,"max":4116,"a":300,"b":0.0,"flag":null},{"min":4116,"max":4871,"a":350,"b":0.0,"flag":null},{"min":4871,"max":5632,"a":400,"b":0.0,"flag":null},{"min":5632,"max":6377,"a":450,"b":0.0,"flag":null},{"min":6377,"max":7085,"a":500,"b":0.0,"flag":null},{"min":7085,"max":0,"a":550,"b":0.0,"flag":null}],"meta":{"subscription_minimum_basket":null,"subscription_max_distance":null,"subscription_plan_id":null}},"delivery_pricing_with_subscription":null,"delivery_pricing_without_subscription":null,"geo_range":{"bbox":null,"type":"Polygon","coordinates":[[[44.86272738121711,41.72285105856731],[44.872724517384356,41.71885960868666],[44.88148486885634,41.71348841207611],[44.88867161320663,41.70694419666134],[44.89400873759404,41.69947876857677],[44.897291619620454,41.691379287296854],[44.898394817369464,41.68295718958178],[44.89727678056936,41.674536194072914],[44.89398131859853,41.66643985161116],[44.88863578855403,41.65897912110121],[44.88144609252088,41.65244044685546],[44.87268869271163,41.647074791416],[44.86981177052234,41.64592653978016],[44.85995416161995,41.6495448426777],[44.840935454871754,41.653415949614896],[44.83045963308224,41.64987716903106],[44.81855921456812,41.65059627777305],[44.8058199222332,41.65371516232361],[44.79876866283499,41.66727918078911],[44.7950550073562,41.66857911835115],[44.7928449577044,41.67200696216182],[44.79703951805797,41.67585969756857],[44.80745222883421,41.67796354925231],[44.80563559620876,41.6874339597764],[44.799494046324114,41.69053772485245],[44.801802104018634,41.695281024278984],[44.80557175371102,41.69716880100501],[44.8085891480652,41.6990565741735],[44.81263918323056,41.70148697798069],[44.81973540408188,41.70496488046544],[44.82122034050656,41.706710775352875],[44.822364386418286,41.70810959865611],[44.8228368293897,41.708934441749165],[44.82665106846807,41.713163644257236],[44.827447729456395,41.715863745331006],[44.82945877499003,41.71793521706189],[44.83096309849813,41.71931812078529],[44.832437904994094,41.72025669957674],[44.83520227091941,41.72107324611332],[44.838572842339886,41.721041791330464],[44.86115859009953,41.72320648940109],[44.86272738121711,41.72285105856731]]]},"subscription":{"active_plan_id":null,"available_plan_id":null}},"self_delivery":false,"payment_method_restrictions":null,"discounts_restrictions_text":"The following categories are excluded from offers: tobacco, nicotine products, smokers items and accessories and lottery scratchcards","credits_restrictions_text":"Wolt credits and gift cards can't be used for purchasing tobacco and nicotine products.","preorder_specs":null,"group_order_id":""},"is_venue_favourite":false,"order_status":{"value":""},"order_minimum":1200,"do_use_backend_pricing":"no"}