{"venue":{"delivery_open_status":{"value":"Open until 23:30","style":{"icon":null,"type":"OPEN"},"is_open":true,"now":"2025-07-05T08:56:32.134550+04:00","previous_open":"2025-07-05T08:00:00+04:00","next_open":"2025-07-06T08:00:00+04:00","next_close":"2025-07-05T23:30:00+04:00","next_close_time_localized":"23:30"},"id":"66d6ca0474cccc0fe02afcf9","open_status":{"value":"Open until 23:30","style":{"icon":null,"type":"OPEN"},"is_open":true,"now":"2025-07-05T08:56:32.134550+04:00","previous_open":"2025-07-05T08:00:00+04:00","next_open":"2025-07-06T08:00:00+04:00","next_close":"2025-07-05T23:30:00+04:00","next_close_time_localized":"23:30"},"online":true,"time_slots_schedule":null,"banners":[{"type":"discount","discount":{"discount_id":"venue_campaign:68403addabd28d96d47f6c47","formatted_text":"-15 GEL on orders from 37 GEL and above","text_color":{"light":"#202125","dark":"#FFFFFF","high_contrast_light":null,"high_contrast_dark":null},"background_color":{"light":"#13009de0","dark":"#28009de0","high_contrast_light":null,"high_contrast_dark":null},"image":{"url":"https://imageproxy.wolt.com/static-assets/venue-content/campaigns/banners/deal.png?transparent=","blurhash":null},"subheading":null,"subtitle":{"text":"Show details","color":{"light":"#009DE0","dark":"#009DE0","high_contrast_light":null,"high_contrast_dark":null}},"show_wolt_plus":false,"show_in_header":true,"show_in_cart":true,"show_in_item":false,"show_in_menu":false,"right_to_left":null}},{"type":"discount","discount":{"discount_id":"venue_campaign:68133e5662328691faad718c","formatted_text":"0₾ delivery fee for 14 days!","text_color":{"light":"#202125","dark":"#FFFFFF","high_contrast_light":null,"high_contrast_dark":null},"background_color":{"light":"#13009de0","dark":"#28009de0","high_contrast_light":null,"high_contrast_dark":null},"image":{"url":"https://imageproxy.wolt.com/static-assets/venue-content/campaigns/banners/deal.png?transparent=","blurhash":null},"subheading":null,"subtitle":{"text":"Show details","color":{"light":"#009DE0","dark":"#009DE0","high_contrast_light":null,"high_contrast_dark":null}},"show_wolt_plus":false,"show_in_header":true,"show_in_cart":true,"show_in_item":false,"show_in_menu":false,"right_to_left":null}}],"header":{"delivery_method_default":"UNAVAILABLE","delivery_method_statuses":[{"delivery_method":"UNAVAILABLE","metadata":[{"type":"STRING_WITH_ICON","link":null,"icon":"RATING_4","style":"NORMAL","value":"9.0"},{"type":"STRING","link":null,"icon":null,"style":"NORMAL","value":"Open until 23:30"},{"type":"STRING","link":null,"icon":null,"style":"NORMAL","value":"Min. order GEL12.00"}],"call_to_action":{"icon":"LOCATION","style":"NO_FILL","enabled":true,"configurable":false,"value":"Change address"},"group_order_button":{"enabled":false,"visible":false},"notification":"This restaurant is currently not delivering to your location. Check back later.","disclaimer":null}]},"delivery_configs":[{"label":"Standard","description":null,"tag":null,"method":"homedelivery","schedule":"standard","estimate":{"label":"35-45 min","min":35,"mean":40,"max":45},"price":null,"tso_schedule":null,"info_banner":null}],"show_wolt_plus":false},"venue_raw":{"id":"66d6ca0474cccc0fe02afcf9","favourite":false,"preestimate_total":{"min":35,"max":45,"mean":40},"preestimate_preparation":{"min":10,"max":30,"mean":20},"alive":true,"applepay_callback_flow_enabled":false,"googlepay_callback_flow_enabled":false,"discounts":[{"id":"venue_campaign:68403addabd28d96d47f6c47","effects":{"basket_discount":{"amount":1500,"fraction":null,"min_amount":null,"max_amount":null,"include":null,"exclude":null},"delivery_discount":null,"free_items":null,"item_discount":null},"conditions":{"basket_contains":[{"min_amount":3700,"max_amount":null,"any_of_items":null,"items_from_categories":null,"min_quantity":null,"max_quantity":null,"any_of_option_values":null,"including_restricted_items":false}],"preorder":null,"delivery_methods":["homedelivery"],"min_distance":null,"max_distance":null,"weekly_time_restrictions":null,"delivery_area":null,"has_wolt_plus":null},"description":{"title":"-15 GEL on orders from 37 GEL and above","body":null,"points":["37 GEL minimum order","For home delivery orders only","This promotion does not apply to restricted items and some service-related fees.","Cannot be combined with other promotions","Offer is valid from 1 Jul 2025 until 31 Jul 2025 or until the maximum limit for promotions is reached whichever is earlier"],"progress_bar":null},"optional":true,"group":"generic","banner":{"formatted_text":"-15 GEL on orders from 37 GEL and above","text_color":{"light":"#202125","dark":"#FFFFFF","high_contrast_light":null,"high_contrast_dark":null},"background_colour":{"light":"#13009de0","dark":"#28009de0","high_contrast_light":null,"high_contrast_dark":null},"background_color":{"light":"#13009de0","dark":"#28009de0","high_contrast_light":null,"high_contrast_dark":null},"image":{"url":"https://imageproxy.wolt.com/static-assets/venue-content/campaigns/banners/deal.png?transparent=","blurhash":null},"subheading":null,"subtitle":{"text":"Show details","color":{"light":"#009DE0","dark":"#009DE0","high_contrast_light":null,"high_contrast_dark":null}},"show_wolt_plus":false,"show_in_header":true,"show_in_cart":true,"show_in_item":false,"show_in_menu":false,"right_to_left":null},"condition_item_badge":null,"effect_item_badge":null,"details":{"hide_condition_items":false,"hide_effect_items":false,"is_omnibus_campaign":false}},{"id":"venue_campaign:68133e5662328691faad718c","effects":{"basket_discount":null,"delivery_discount":{"amount":0,"fraction":1.0,"min_amount":null,"max_amount":null},"free_items":null,"item_discount":null},"conditions":{"basket_contains":[],"preorder":null,"delivery_methods":null,"min_distance":null,"max_distance":null,"weekly_time_restrictions":null,"delivery_area":null,"has_wolt_plus":null},"description":{"title":"0₾ delivery fee for 14 days!","body":null,"points":["Offer is valid from 17 Apr 2025 until 14 Aug 2025 or until the maximum limit for promotions is reached whichever is earlier"],"progress_bar":null},"optional":false,"group":null,"banner":{"formatted_text":"0₾ delivery fee for 14 days!","text_color":{"light":"#202125","dark":"#FFFFFF","high_contrast_light":null,"high_contrast_dark":null},"background_colour":{"light":"#13009de0","dark":"#28009de0","high_contrast_light":null,"high_contrast_dark":null},"background_color":{"light":"#13009de0","dark":"#28009de0","high_contrast_light":null,"high_contrast_dark":null},"image":{"url":"https://imageproxy.wolt.com/static-assets/venue-content/campaigns/banners/deal.png?transparent=","blurhash":null},"subheading":null,"subtitle":{"text":"Show details","color":{"light":"#009DE0","dark":"#009DE0","high_contrast_light":null,"high_contrast_dark":null}},"show_wolt_plus":false,"show_in_header":true,"show_in_cart":true,"show_in_item":false,"show_in_menu":false,"right_to_left":null},"condition_item_badge":null,"effect_item_badge":null,"details":{"hide_condition_items":false,"hide_effect_items":false,"is_omnibus_campaign":false}}],"surcharges":[{"id":"venue_campaign:659c48f748883ec6a4d11304","effects":{"basket_surcharge":null,"delivery_surcharge":{"amount":100,"fraction":null,"min_amount":null,"max_amount":null}},"conditions":{"basket_contains":[],"preorder":null,"delivery_methods":["homedelivery"],"min_distance":null,"max_distance":null,"weekly_time_restrictions":[{"start":0,"end":480},{"start":1440,"end":1920},{"start":2880,"end":3360},{"start":4320,"end":4800},{"start":5760,"end":6240},{"start":7200,"end":7680},{"start":8640,"end":9120}],"delivery_area":{"bbox":null,"type":"Polygon","coordinates":[[[44.67720542622229,41.83206661831784],[44.65846851123513,41.89295804056172],[44.893531626528926,41.806678079384255],[45.008231629456276,41.73569397972045],[45.00254640463547,41.699936317633416],[44.91397189742332,41.60702850837686],[44.77375234062541,41.61280291497502],[44.5801141394702,41.62231022841843],[44.532420174048724,41.731723252042144],[44.67720542622229,41.83206661831784]]]},"has_wolt_plus":false},"description":{"title":"Night time fee","body":"The night time fee helps us get you the products you need no matter what time it is."},"venue_header_text":null,"checkout_toast":null}],"delivery_specs":{"delivery_enabled":true,"order_minimum_no_surcharge":1200,"order_minimum_possible":0,"delivery_times":{"monday":[{"type":"open","value":28800},{"type":"close","value":84600}],"tuesday":[{"type":"open","value":28800},{"type":"close","value":84600}],"wednesday":[{"type":"open","value":28800},{"type":"close","value":84600}],"thursday":[{"type":"open","value":28800},{"type":"close","value":84600}],"friday":[{"type":"open","value":28800},{"type":"close","value":84600}],"saturday":[{"type":"open","value":28800},{"type":"close","value":84600}],"sunday":[{"type":"open","value":28800},{"type":"close","value":84600}]},"original_delivery_price":649,"delivery_pricing":{"base_price":149,"price_ranges":[{"min":0,"max":1200,"a":1279,"b":-1.0,"flag":null,"custom_distance_ranges":null},{"min":1200,"max":1580,"a":79,"b":0.0,"flag":null,"custom_distance_ranges":null},{"min":1580,"max":4980,"a":0,"b":0.05,"flag":null,"custom_distance_ranges":null},{"min":4980,"max":0,"a":249,"b":0.0,"flag":null,"custom_distance_ranges":null}],"distance_ranges":[{"min":0,"max":269,"a":0,"b":0.0,"flag":null},{"min":269,"max":353,"a":10,"b":0.0,"flag":null},{"min":353,"max":502,"a":20,"b":0.0,"flag":null},{"min":502,"max":527,"a":30,"b":0.0,"flag":null},{"min":527,"max":619,"a":40,"b":0.0,"flag":null},{"min":619,"max":791,"a":50,"b":0.0,"flag":null},{"min":791,"max":1042,"a":76,"b":0.0,"flag":null},{"min":1042,"max":1308,"a":100,"b":0.0,"flag":null},{"min":1308,"max":1590,"a":126,"b":0.0,"flag":null},{"min":1590,"max":2040,"a":150,"b":0.0,"flag":null},{"min":2040,"max":2687,"a":200,"b":0.0,"flag":null},{"min":2687,"max":3383,"a":250,"b":0.0,"flag":null},{"min":3383,"max":4116,"a":300,"b":0.0,"flag":null},{"min":4116,"max":4871,"a":350,"b":0.0,"flag":null},{"min":4871,"max":5632,"a":400,"b":0.0,"flag":null},{"min":5632,"max":6377,"a":450,"b":0.0,"flag":null},{"min":6377,"max":7085,"a":500,"b":0.0,"flag":null},{"min":7085,"max":0,"a":550,"b":0.0,"flag":null}],"meta":{"subscription_minimum_basket":null,"subscription_max_distance":null,"subscription_plan_id":null}},"delivery_pricing_with_subscription":null,"delivery_pricing_without_subscription":null,"geo_range":{"bbox":null,"type":"Polygon","coordinates":[[[44.73422364870821,41.72753151043578],[44.7356080618367,41.72254503697846],[44.73687497817726,41.719374398179156],[44.739839128796866,41.7150644215206],[44.740045559267344,41.711079783280695],[44.74349037260967,41.70978482431758],[44.74154836396778,41.708936574843435],[44.740294256864544,41.707199492165074],[44.738893497252235,41.70699516851314],[44.738759951161285,41.70653305029828],[44.73405888369279,41.7056706939178],[44.72712271721625,41.70544991350215],[44.72030283486866,41.70684975495096],[44.71453804777329,41.70736475890303],[44.71197586656171,41.70844948445853],[44.70918255556566,41.70804603166788],[44.705744676094525,41.70801823432126],[44.69998585641061,41.70940379863524],[44.69615999575356,41.710390183132894],[44.69345237908192,41.712036697430996],[44.69065061636255,41.71369134946568],[44.68904040356054,41.71503460281491],[44.67268593942014,41.721772175763164],[44.661210865164264,41.729328829522274],[44.6732700445803,41.73153752584878],[44.68394459427923,41.72469119438003],[44.687349351779105,41.72443034995206],[44.688095302786735,41.72260860044557],[44.688611528924596,41.72270514973019],[44.689024245547614,41.72254421155639],[44.6894454603042,41.72238077552184],[44.69092006263395,41.72334236129794],[44.69224850821735,41.724290266325205],[44.695544482777365,41.72464154926388],[44.701434154021115,41.72556246905673],[44.703997122970634,41.72474370692318],[44.70504854890443,41.724983930634075],[44.70588539811713,41.725064005004874],[44.70640038224793,41.72533625711878],[44.70751618119813,41.72570459637797],[44.70854614945983,41.72610496274287],[44.70927571031193,41.726233079452676],[44.70979069444273,41.726297137711775],[44.71030567857363,41.726953731185375],[44.711228358474735,41.727338075470776],[44.71195791932683,41.727274018249574],[44.712708937850934,41.727258003934274],[44.713677597729735,41.72663630253088],[44.71470756599143,41.72682847591047],[44.715222550122235,41.726956591177576],[44.71565170356463,41.727597163680876],[44.71549843522643,41.728346968280576],[44.71594904634093,41.72921172093587],[44.71599196168523,41.72977220255068],[44.71616362306213,41.730108489172274],[44.71567009660343,41.733951639822074],[44.69196231906409,41.734306398738795],[44.69245495780467,41.73622826042137],[44.692440218088116,41.73857942099393],[44.693642182182884,41.74515561738596],[44.6952244339505,41.746408283651135],[44.70556932925098,41.74825487582135],[44.71983288499453,41.746760481320656],[44.72386692735293,41.74573586802205],[44.72558354112246,41.74515951585573],[44.72812313229325,41.74578858615758],[44.730994521309064,41.74569669993469],[44.73421463485562,41.74663808106805],[44.73830263058727,41.74725293054591],[44.739979228025675,41.74577077860089],[44.73385848943062,41.739077742305476],[44.73278708872114,41.73404918993486],[44.73422364870821,41.72753151043578]]]},"subscription":{"active_plan_id":null,"available_plan_id":null}},"self_delivery":false,"payment_method_restrictions":null,"discounts_restrictions_text":"The following categories are excluded from offers: tobacco, nicotine products, smokers items and accessories and lottery scratchcards","credits_restrictions_text":"Wolt credits and gift cards can't be used for purchasing tobacco and nicotine products.","preorder_specs":null,"group_order_id":""},"is_venue_favourite":false,"order_status":{"value":""},"order_minimum":1200,"do_use_backend_pricing":"no"}