{"venue":{"delivery_open_status":{"value":"Open until 01:45","style":{"icon":null,"type":"OPEN"},"is_open":true,"now":"2025-07-05T08:56:02.160439+04:00","previous_open":"2025-07-05T08:00:00+04:00","next_open":"2025-07-06T08:00:00+04:00","next_close":"2025-07-06T01:45:00+04:00","next_close_time_localized":"01:45"},"id":"6322ecc5a01009aea9692f66","open_status":{"value":"Open until 01:45","style":{"icon":null,"type":"OPEN"},"is_open":true,"now":"2025-07-05T08:56:02.160439+04:00","previous_open":"2025-07-05T08:00:00+04:00","next_open":"2025-07-06T08:00:00+04:00","next_close":"2025-07-06T01:45:00+04:00","next_close_time_localized":"01:45"},"online":true,"time_slots_schedule":null,"banners":[{"type":"discount","discount":{"discount_id":"venue_campaign:68403addabd28d96d47f6c47","formatted_text":"-15 GEL on orders from 37 GEL and above","text_color":{"light":"#202125","dark":"#FFFFFF","high_contrast_light":null,"high_contrast_dark":null},"background_color":{"light":"#13009de0","dark":"#28009de0","high_contrast_light":null,"high_contrast_dark":null},"image":{"url":"https://imageproxy.wolt.com/static-assets/venue-content/campaigns/banners/deal.png?transparent=","blurhash":null},"subheading":null,"subtitle":{"text":"Show details","color":{"light":"#009DE0","dark":"#009DE0","high_contrast_light":null,"high_contrast_dark":null}},"show_wolt_plus":false,"show_in_header":true,"show_in_cart":true,"show_in_item":false,"show_in_menu":false,"right_to_left":null}},{"type":"discount","discount":{"discount_id":"venue_campaign:68133e5662328691faad718c","formatted_text":"0₾ delivery fee for 14 days!","text_color":{"light":"#202125","dark":"#FFFFFF","high_contrast_light":null,"high_contrast_dark":null},"background_color":{"light":"#13009de0","dark":"#28009de0","high_contrast_light":null,"high_contrast_dark":null},"image":{"url":"https://imageproxy.wolt.com/static-assets/venue-content/campaigns/banners/deal.png?transparent=","blurhash":null},"subheading":null,"subtitle":{"text":"Show details","color":{"light":"#009DE0","dark":"#009DE0","high_contrast_light":null,"high_contrast_dark":null}},"show_wolt_plus":false,"show_in_header":true,"show_in_cart":true,"show_in_item":false,"show_in_menu":false,"right_to_left":null}}],"header":{"delivery_method_default":"DELIVERY","delivery_method_statuses":[{"delivery_method":"DELIVERY","metadata":[{"type":"STRING_WITH_ICON","link":null,"icon":"RATING_4","style":"NORMAL","value":"8.4"},{"type":"STRING","link":null,"icon":null,"style":"NORMAL","value":"Open until 01:45"},{"type":"STRING","link":null,"icon":null,"style":"NORMAL","value":"Min. order GEL12.00"},{"type":"STRING_WITH_ICON","link":null,"icon":"CYCLIST","style":"NORMAL","value":"GEL0.00"}],"call_to_action":{"icon":"CYCLIST","style":"FILLED","enabled":true,"configurable":false,"value":"Delivery 20-30 min"},"group_order_button":{"enabled":false,"visible":false},"notification":null,"disclaimer":null},{"delivery_method":"DELIVERY_SCHEDULED","metadata":[{"type":"STRING_WITH_ICON","link":null,"icon":"RATING_4","style":"NORMAL","value":"8.4"},{"type":"STRING","link":null,"icon":null,"style":"NORMAL","value":"Open until 01:45"},{"type":"STRING","link":null,"icon":null,"style":"NORMAL","value":"Min. order GEL12.00"},{"type":"STRING_WITH_ICON","link":null,"icon":"CYCLIST","style":"NORMAL","value":"GEL0.00"}],"call_to_action":{"icon":"CALENDAR","style":"NO_FILL","enabled":true,"configurable":false,"value":"Schedule order"},"group_order_button":{"enabled":false,"visible":false},"notification":null,"disclaimer":null}]},"delivery_configs":[{"label":"Standard","description":null,"tag":null,"method":"homedelivery","schedule":"standard","estimate":{"label":"20-30 min","min":20,"mean":25,"max":30},"price":null,"tso_schedule":null,"info_banner":null}],"show_wolt_plus":false},"venue_raw":{"id":"6322ecc5a01009aea9692f66","favourite":false,"preestimate_total":{"min":20,"max":30,"mean":25},"preestimate_preparation":{"min":5,"max":10,"mean":10},"alive":true,"applepay_callback_flow_enabled":false,"googlepay_callback_flow_enabled":false,"discounts":[{"id":"venue_campaign:68403addabd28d96d47f6c47","effects":{"basket_discount":{"amount":1500,"fraction":null,"min_amount":null,"max_amount":null,"include":null,"exclude":null},"delivery_discount":null,"free_items":null,"item_discount":null},"conditions":{"basket_contains":[{"min_amount":3700,"max_amount":null,"any_of_items":null,"items_from_categories":null,"min_quantity":null,"max_quantity":null,"any_of_option_values":null,"including_restricted_items":false}],"preorder":null,"delivery_methods":["homedelivery"],"min_distance":null,"max_distance":null,"weekly_time_restrictions":null,"delivery_area":null,"has_wolt_plus":null},"description":{"title":"-15 GEL on orders from 37 GEL and above","body":null,"points":["37 GEL minimum order","For home delivery orders only","This promotion does not apply to restricted items and some service-related fees.","Cannot be combined with other promotions","Offer is valid from 1 Jul 2025 until 31 Jul 2025 or until the maximum limit for promotions is reached whichever is earlier"],"progress_bar":null},"optional":true,"group":"generic","banner":{"formatted_text":"-15 GEL on orders from 37 GEL and above","text_color":{"light":"#202125","dark":"#FFFFFF","high_contrast_light":null,"high_contrast_dark":null},"background_colour":{"light":"#13009de0","dark":"#28009de0","high_contrast_light":null,"high_contrast_dark":null},"background_color":{"light":"#13009de0","dark":"#28009de0","high_contrast_light":null,"high_contrast_dark":null},"image":{"url":"https://imageproxy.wolt.com/static-assets/venue-content/campaigns/banners/deal.png?transparent=","blurhash":null},"subheading":null,"subtitle":{"text":"Show details","color":{"light":"#009DE0","dark":"#009DE0","high_contrast_light":null,"high_contrast_dark":null}},"show_wolt_plus":false,"show_in_header":true,"show_in_cart":true,"show_in_item":false,"show_in_menu":false,"right_to_left":null},"condition_item_badge":null,"effect_item_badge":null,"details":{"hide_condition_items":false,"hide_effect_items":false,"is_omnibus_campaign":false}},{"id":"venue_campaign:68133e5662328691faad718c","effects":{"basket_discount":null,"delivery_discount":{"amount":0,"fraction":1.0,"min_amount":null,"max_amount":null},"free_items":null,"item_discount":null},"conditions":{"basket_contains":[],"preorder":null,"delivery_methods":null,"min_distance":null,"max_distance":null,"weekly_time_restrictions":null,"delivery_area":null,"has_wolt_plus":null},"description":{"title":"0₾ delivery fee for 14 days!","body":null,"points":["Offer is valid from 17 Apr 2025 until 14 Aug 2025 or until the maximum limit for promotions is reached whichever is earlier"],"progress_bar":null},"optional":false,"group":null,"banner":{"formatted_text":"0₾ delivery fee for 14 days!","text_color":{"light":"#202125","dark":"#FFFFFF","high_contrast_light":null,"high_contrast_dark":null},"background_colour":{"light":"#13009de0","dark":"#28009de0","high_contrast_light":null,"high_contrast_dark":null},"background_color":{"light":"#13009de0","dark":"#28009de0","high_contrast_light":null,"high_contrast_dark":null},"image":{"url":"https://imageproxy.wolt.com/static-assets/venue-content/campaigns/banners/deal.png?transparent=","blurhash":null},"subheading":null,"subtitle":{"text":"Show details","color":{"light":"#009DE0","dark":"#009DE0","high_contrast_light":null,"high_contrast_dark":null}},"show_wolt_plus":false,"show_in_header":true,"show_in_cart":true,"show_in_item":false,"show_in_menu":false,"right_to_left":null},"condition_item_badge":null,"effect_item_badge":null,"details":{"hide_condition_items":false,"hide_effect_items":false,"is_omnibus_campaign":false}}],"surcharges":[{"id":"venue_campaign:659c48f748883ec6a4d11304","effects":{"basket_surcharge":null,"delivery_surcharge":{"amount":100,"fraction":null,"min_amount":null,"max_amount":null}},"conditions":{"basket_contains":[],"preorder":null,"delivery_methods":["homedelivery"],"min_distance":null,"max_distance":null,"weekly_time_restrictions":[{"start":0,"end":480},{"start":1440,"end":1920},{"start":2880,"end":3360},{"start":4320,"end":4800},{"start":5760,"end":6240},{"start":7200,"end":7680},{"start":8640,"end":9120}],"delivery_area":{"bbox":null,"type":"Polygon","coordinates":[[[44.67720542622229,41.83206661831784],[44.65846851123513,41.89295804056172],[44.893531626528926,41.806678079384255],[45.008231629456276,41.73569397972045],[45.00254640463547,41.699936317633416],[44.91397189742332,41.60702850837686],[44.77375234062541,41.61280291497502],[44.5801141394702,41.62231022841843],[44.532420174048724,41.731723252042144],[44.67720542622229,41.83206661831784]]]},"has_wolt_plus":false},"description":{"title":"Night time fee","body":"The night time fee helps us get you the products you need no matter what time it is."},"venue_header_text":null,"checkout_toast":null}],"delivery_specs":{"delivery_enabled":true,"order_minimum_no_surcharge":1200,"order_minimum_possible":0,"delivery_times":{"monday":[{"type":"open","value":0},{"type":"close","value":6300},{"type":"open","value":28800}],"tuesday":[{"type":"close","value":6300},{"type":"open","value":28800}],"wednesday":[{"type":"close","value":6300},{"type":"open","value":28800}],"thursday":[{"type":"close","value":6300},{"type":"open","value":28800}],"friday":[{"type":"close","value":6300},{"type":"open","value":28800}],"saturday":[{"type":"close","value":6300},{"type":"open","value":28800}],"sunday":[{"type":"close","value":6300},{"type":"open","value":28800},{"type":"close","value":86400}]},"original_delivery_price":275,"delivery_pricing":{"base_price":149,"price_ranges":[{"min":0,"max":1200,"a":1279,"b":-1.0,"flag":null,"custom_distance_ranges":null},{"min":1200,"max":1580,"a":79,"b":0.0,"flag":null,"custom_distance_ranges":null},{"min":1580,"max":4980,"a":0,"b":0.05,"flag":null,"custom_distance_ranges":null},{"min":4980,"max":0,"a":249,"b":0.0,"flag":null,"custom_distance_ranges":null}],"distance_ranges":[{"min":0,"max":269,"a":0,"b":0.0,"flag":null},{"min":269,"max":353,"a":10,"b":0.0,"flag":null},{"min":353,"max":502,"a":20,"b":0.0,"flag":null},{"min":502,"max":527,"a":30,"b":0.0,"flag":null},{"min":527,"max":619,"a":40,"b":0.0,"flag":null},{"min":619,"max":791,"a":50,"b":0.0,"flag":null},{"min":791,"max":1042,"a":76,"b":0.0,"flag":null},{"min":1042,"max":1308,"a":100,"b":0.0,"flag":null},{"min":1308,"max":1590,"a":126,"b":0.0,"flag":null},{"min":1590,"max":2040,"a":150,"b":0.0,"flag":null},{"min":2040,"max":2687,"a":200,"b":0.0,"flag":null},{"min":2687,"max":3383,"a":250,"b":0.0,"flag":null},{"min":3383,"max":4116,"a":300,"b":0.0,"flag":null},{"min":4116,"max":4871,"a":350,"b":0.0,"flag":null},{"min":4871,"max":5632,"a":400,"b":0.0,"flag":null},{"min":5632,"max":6377,"a":450,"b":0.0,"flag":null},{"min":6377,"max":7085,"a":500,"b":0.0,"flag":null},{"min":7085,"max":0,"a":550,"b":0.0,"flag":null}],"meta":{"subscription_minimum_basket":null,"subscription_max_distance":null,"subscription_plan_id":null}},"delivery_pricing_with_subscription":null,"delivery_pricing_without_subscription":null,"geo_range":{"bbox":null,"type":"Polygon","coordinates":[[[44.77588950913713,41.70910937375403],[44.77853890285387,41.712059458166344],[44.7817637825405,41.712274764616296],[44.78326943999424,41.71172776509284],[44.78340374769465,41.71265147591737],[44.789385824247645,41.711286504412996],[44.79046485287028,41.709608713896614],[44.79262871829084,41.70772845809803],[44.794720667939494,41.705079207679354],[44.797850312900124,41.70359530562096],[44.80408991186264,41.70190324710456],[44.805631551934034,41.7013676159972],[44.80762670237557,41.70020097788176],[44.80837643019251,41.696923236698716],[44.808374203392724,41.69248215124088],[44.81052372484213,41.68967453366794],[44.81553322270398,41.68930441369354],[44.81572973644563,41.687040336569915],[44.81575165762612,41.68481157929535],[44.81443982353462,41.68359054015221],[44.81245562899637,41.6839878592733],[44.812940234812054,41.684632497491535],[44.812767640610254,41.684844066892104],[44.81197388181629,41.685857590642264],[44.8113977909088,41.6861254369913],[44.8109149932861,41.686606172399],[44.8105609416962,41.6867103312638],[44.8103678226471,41.6867103312638],[44.8100996017456,41.6868465387557],[44.8100137710571,41.6869987703172],[44.8099601268768,41.6871510015185],[44.8098206520081,41.6873352809118],[44.80894088745117,41.6875916687549],[44.80816841125488,41.68810444137576],[44.806408882141106,41.68794420037076],[44.805850982666016,41.688040345021676],[44.80529308319092,41.68829673005491],[44.804863929748535,41.688681305689016],[44.8034906387329,41.6890338313341],[44.8023319244385,41.6888896165309],[44.8010015487671,41.6888255209591],[44.7999715805054,41.6887454014045],[44.7988986968994,41.6883608261536],[44.7981262207031,41.6879442003708],[44.7975254058838,41.6879121521219],[44.796152114868164,41.6873032323596],[44.79533672332764,41.687239135207264],[44.79344844818115,41.68714298935901],[44.79115169928096,41.68528982124643],[44.75651271179002,41.67162904923443],[44.75079807697539,41.67364450964391],[44.75191612346598,41.68774400477818],[44.7609912093125,41.68980433005946],[44.78387404497255,41.69609757338528],[44.7915172576904,41.6949623822825],[44.7910451889038,41.6961159827415],[44.7907447814941,41.6967568629448],[44.7905302047729,41.6973336496676],[44.7901439666748,41.6982308631769],[44.7894144058228,41.698839679501],[44.7886848449707,41.6996727872364],[44.7880840301514,41.70028158991],[44.7869038581848,41.7006340519814],[44.786388874054,41.7006420624606],[44.7859168052673,41.7006660938922],[44.7855091094971,41.7006500729388],[44.7850799560547,41.7005939995706],[44.7845220565796,41.7004898631857],[44.7832345962524,41.7002896004331],[44.7823333740234,41.7003136319963],[44.7810459136963,41.7002175056894],[44.7799301147461,41.7002495478077],[44.7787714004517,41.70028158991],[44.7775268554688,41.7002175056894],[44.7759819030762,41.6999932104146],[44.7732782363892,41.6998650413349],[44.7698879241943,41.6996727872364],[44.7677421569824,41.6998650413349],[44.7664976119995,41.7000893370568],[44.7658967971802,41.7007301776656],[44.7657251358032,41.70095447037],[44.7653388977051,41.7011467206368],[44.764609336853,41.7012428455547],[44.775167086759765,41.70754881532398],[44.77588950913713,41.70910937375403]]]},"subscription":{"active_plan_id":null,"available_plan_id":null}},"self_delivery":false,"payment_method_restrictions":null,"discounts_restrictions_text":"The following categories are excluded from offers: tobacco, nicotine products, smokers items and accessories and lottery scratchcards","credits_restrictions_text":"Wolt credits and gift cards can't be used for purchasing tobacco and nicotine products.","preorder_specs":null,"group_order_id":""},"is_venue_favourite":false,"order_status":{"value":""},"order_minimum":1200,"do_use_backend_pricing":"no"}