{"assortment_id":"63327e1e7412210c420c23ba","loading_strategy":"partial","primary_language":"ka","selected_language":"en","available_languages":[{"autotranslated":true,"language":"de","name":"German"},{"autotranslated":true,"language":"en","name":"English"},{"autotranslated":true,"language":"fr","name":"French"},{"autotranslated":false,"language":"ka","name":"Georgian"},{"autotranslated":true,"language":"ru","name":"Russian"}],"compliance_info":{"badges":[],"disclaimers":null,"how_search_works":null,"lowest_price_calculation_interval_in_days":30,"should_display_original_price_for_unit_price":false,"should_display_price_by_subtracting_deposit":false},"categories":[{"id":"68689a49a0cc802c906c84d1","description":"","images":[{"url":"https://wolt-menu-images-cdn.wolt.com/menu-images/63327d7128ae6bfb0ab0eb09/cbbeff86-58d2-11ef-ad47-3a6ddd27eceb_wolt_8550.png","blurhash":"UPP$aGt7-lD*H;V[Rin+_NW?ITxWNet7-=Rj"}],"name":"I had breakfast","slug":"i-had-breakfast-1","subcategories":[],"item_ids":[]},{"id":"68689a49a0cc802c906c8532","description":"","images":[{"url":"https://wolt-menu-images-cdn.wolt.com/menu-images/651aafd6791b5409d944a893/ca5995b2-3a71-11f0-8d0f-72fd7c813ffa_wolt_8671.png","blurhash":"USPYLww3?aIWMwixR4RS?]W?R5nObabwx]r;"}],"name":"Special offers","slug":"special-offers-2","subcategories":[],"item_ids":[]},{"id":"68689a49a0cc802c906c8608","description":"","images":[{"url":"https://wolt-menu-images-cdn.wolt.com/menu-images/66d6cd88b67a8d74fd269e07/3c63eb56-52d4-11f0-bc92-f6151d3a71fa_wolt_8658.png","blurhash":"ULP$dTi_^FRQ8wa0adjI_Lo#ICeT%~tRt8a0"}],"name":"news","slug":"news-3","subcategories":[],"item_ids":[]},{"id":"68689a49a0cc802c906c87a3","description":"","images":[{"url":"https://wolt-menu-images-cdn.wolt.com/menu-images/651aafd6791b5409d944a893/ca73b6d6-3a71-11f0-8d0f-72fd7c813ffa_wolt_8659.png","blurhash":"UKP=irV@.ln4I7aKMcaL?wt7Z~V?X.tR-;V?"}],"name":"Macmeniu","slug":"macmeniu-4","subcategories":[],"item_ids":[]},{"id":"68689a49a0cc802c906c8817","description":"","images":[{"url":"https://wolt-menu-images-cdn.wolt.com/menu-images/63327ccdaf6b62533484dfbf/b9f42bda-f007-11ed-bdb4-42bd159e3e10_wolt_3020.png","blurhash":"UOQ8^=sC%xIpDgWBVsjI?]g4Q.rq%ho#x[aJ"}],"name":"Fries and starters","slug":"fries-and-starters-6","subcategories":[],"item_ids":[]},{"id":"68689a49a0cc802c906c8852","description":"","images":[{"url":"https://wolt-menu-images-cdn.wolt.com/menu-images/63327ccdaf6b62533484dfbf/ba56e04a-f007-11ed-bdb4-42bd159e3e10_wolt_8031.png","blurhash":"UZP=s1o|yBQ.I8ayWUnk.le?Q.kUghogxuWT"}],"name":"Happy Mill","slug":"happy-mill-7","subcategories":[],"item_ids":[]},{"id":"68689a49a0cc802c906c8899","description":"","images":[{"url":"https://wolt-menu-images-cdn.wolt.com/menu-images/63327cf87412210c420c238e/f1debc32-f9fa-11ef-9b7e-3291e689a1a6_wolt_2074.png","blurhash":"UOP=_vxa^iD%QkV[NFs:~qX9ITslTKtR-pVs"}],"name":"Rolls and salads","slug":"rolls-and-salads-8","subcategories":[],"item_ids":[]},{"id":"68689a49a0cc802c906c88fd","description":"","images":[{"url":"https://wolt-menu-images-cdn.wolt.com/menu-images/66d6cd88b67a8d74fd269e07/3c63eb56-52d4-11f0-bc92-f6151d3a71fa_wolt_8658.png","blurhash":"ULP$dTi_^FRQ8wa0adjI_Lo#ICeT%~tRt8a0"}],"name":"cold drinks","slug":"cold-drinks-9","subcategories":[],"item_ids":[]},{"id":"68689a49a0cc802c906c896b","description":"","images":[{"url":"https://wolt-menu-images-cdn.wolt.com/menu-images/651aafd6791b5409d944a893/0a8b66ba-1ebc-11ef-b84e-5a678b9e667b_wolt_2106.png","blurhash":"UKQSCnWExji_8wV[acj]?[tSVtR5.mt8sDac"}],"name":"Desserts","slug":"desserts-10","subcategories":[],"item_ids":[]},{"id":"68689a49a0cc802c906c8980","description":"","images":[{"url":"https://wolt-menu-images-cdn.wolt.com/menu-images/63327ccdaf6b62533484dfbf/ba9fcaf8-f007-11ed-967e-7e2e0f2275d2_wolt_8365.png","blurhash":"UMP~o%jH-3M|8wV[g2jc_NkXIUrqu5tR%2Vr"}],"name":"Sauces","slug":"sauces-11","subcategories":[],"item_ids":[]},{"id":"68689a49a0cc802c906c89cf","description":"","images":[{"url":"https://wolt-menu-images-cdn.wolt.com/menu-images/651aafd6791b5409d944a893/46158104-456f-11f0-9611-62f99e362998_wolt_8675.png","blurhash":"UMPr~.e:^HRk8wV[Wnf9_Mo#IBa0%$tRxaZ~"}],"name":"McCaffe drinks","slug":"mccaffe-drinks-12","subcategories":[],"item_ids":[]},{"id":"68689a49a0cc802c906c89f8","description":"","images":[{"url":"https://wolt-menu-images-cdn.wolt.com/menu-images/63327ccdaf6b62533484dfbf/bac802f2-f007-11ed-967e-7e2e0f2275d2_wolt_9576.png","blurhash":"URQ915WB%GafDNaej=WE?^o#MdaJtmozx]nN"}],"name":"McCafe desserts","slug":"mccafe-desserts-13","subcategories":[],"item_ids":[]},{"id":"68689a49a0cc802c906c8acd","description":"","images":[{"url":"https://wolt-menu-images-cdn.wolt.com/menu-images/651aafd6791b5409d944a893/ca73b6d6-3a71-11f0-8d0f-72fd7c813ffa_wolt_8659.png","blurhash":"UKP=irV@.ln4I7aKMcaL?wt7Z~V?X.tR-;V?"}],"name":"Sandwiches","slug":"sandwiches-14","subcategories":[],"item_ids":[]}],"items":[],"options":[],"variant_groups":[]}