{"assortment_id":"63327cf87412210c420c238e","loading_strategy":"partial","primary_language":"ka","selected_language":"en","available_languages":[{"autotranslated":true,"language":"de","name":"German"},{"autotranslated":true,"language":"en","name":"English"},{"autotranslated":true,"language":"fr","name":"French"},{"autotranslated":false,"language":"ka","name":"Georgian"},{"autotranslated":true,"language":"ru","name":"Russian"}],"compliance_info":{"badges":[],"disclaimers":null,"how_search_works":null,"lowest_price_calculation_interval_in_days":30,"should_display_original_price_for_unit_price":false,"should_display_price_by_subtracting_deposit":false},"categories":[{"id":"6868a857a0cc802c906f1d82","description":"","images":[{"url":"https://wolt-menu-images-cdn.wolt.com/menu-images/63327d7128ae6bfb0ab0eb09/cbbeff86-58d2-11ef-ad47-3a6ddd27eceb_wolt_8550.png","blurhash":"UPP$aGt7-lD*H;V[Rin+_NW?ITxWNet7-=Rj"}],"name":"I had breakfast","slug":"i-had-breakfast-1","subcategories":[],"item_ids":[]},{"id":"6868a857a0cc802c906f1de3","description":"","images":[{"url":"https://wolt-menu-images-cdn.wolt.com/menu-images/651aafd6791b5409d944a893/ca5995b2-3a71-11f0-8d0f-72fd7c813ffa_wolt_8671.png","blurhash":"USPYLww3?aIWMwixR4RS?]W?R5nObabwx]r;"}],"name":"Special offers","slug":"special-offers-2","subcategories":[],"item_ids":[]},{"id":"6868a857a0cc802c906f1eb9","description":"","images":[{"url":"https://wolt-menu-images-cdn.wolt.com/menu-images/66d6cd88b67a8d74fd269e07/3c63eb56-52d4-11f0-bc92-f6151d3a71fa_wolt_8658.png","blurhash":"ULP$dTi_^FRQ8wa0adjI_Lo#ICeT%~tRt8a0"}],"name":"news","slug":"news-3","subcategories":[],"item_ids":[]},{"id":"6868a857a0cc802c906f2054","description":"","images":[{"url":"https://wolt-menu-images-cdn.wolt.com/menu-images/651aafd6791b5409d944a893/ca73b6d6-3a71-11f0-8d0f-72fd7c813ffa_wolt_8659.png","blurhash":"UKP=irV@.ln4I7aKMcaL?wt7Z~V?X.tR-;V?"}],"name":"Macmeniu","slug":"macmeniu-4","subcategories":[],"item_ids":[]},{"id":"6868a857a0cc802c906f2088","description":"","images":[{"url":"https://wolt-menu-images-cdn.wolt.com/menu-images/66d6cd88b67a8d74fd269e07/3c651210-52d4-11f0-bc92-f6151d3a71fa_wolt_8674.png","blurhash":"ULP~ivnO=lM{8wa0WAjJ_KozIFnN%$tRxua0"}],"name":"Grimace","slug":"grimace-5","subcategories":[],"item_ids":[]},{"id":"6868a857a0cc802c906f20c8","description":"","images":[{"url":"https://wolt-menu-images-cdn.wolt.com/menu-images/63327ccdaf6b62533484dfbf/b9f42bda-f007-11ed-bdb4-42bd159e3e10_wolt_3020.png","blurhash":"UOQ8^=sC%xIpDgWBVsjI?]g4Q.rq%ho#x[aJ"}],"name":"Fries and starters","slug":"fries-and-starters-6","subcategories":[],"item_ids":[]},{"id":"6868a857a0cc802c906f2103","description":"","images":[{"url":"https://wolt-menu-images-cdn.wolt.com/menu-images/63327ccdaf6b62533484dfbf/ba56e04a-f007-11ed-bdb4-42bd159e3e10_wolt_8031.png","blurhash":"UZP=s1o|yBQ.I8ayWUnk.le?Q.kUghogxuWT"}],"name":"Happy Mill","slug":"happy-mill-7","subcategories":[],"item_ids":[]},{"id":"6868a857a0cc802c906f214a","description":"","images":[{"url":"https://wolt-menu-images-cdn.wolt.com/menu-images/63327cf87412210c420c238e/f1debc32-f9fa-11ef-9b7e-3291e689a1a6_wolt_2074.png","blurhash":"UOP=_vxa^iD%QkV[NFs:~qX9ITslTKtR-pVs"}],"name":"Rolls and salads","slug":"rolls-and-salads-8","subcategories":[],"item_ids":[]},{"id":"6868a857a0cc802c906f21ac","description":"","images":[{"url":"https://wolt-menu-images-cdn.wolt.com/menu-images/66d6cd88b67a8d74fd269e07/3c63eb56-52d4-11f0-bc92-f6151d3a71fa_wolt_8658.png","blurhash":"ULP$dTi_^FRQ8wa0adjI_Lo#ICeT%~tRt8a0"}],"name":"cold drinks","slug":"cold-drinks-9","subcategories":[],"item_ids":[]},{"id":"6868a857a0cc802c906f221a","description":"","images":[{"url":"https://wolt-menu-images-cdn.wolt.com/menu-images/63327ccdaf6b62533484dfbf/ba7e1aa2-f007-11ed-bdb4-42bd159e3e10_wolt_2043.png","blurhash":"UKP~o+jG-MRQ8wV[WAjc_Mo#IVi^t-tR%MVr"}],"name":"Desserts","slug":"desserts-10","subcategories":[],"item_ids":[]},{"id":"6868a857a0cc802c906f222f","description":"","images":[{"url":"https://wolt-menu-images-cdn.wolt.com/menu-images/63327ccdaf6b62533484dfbf/ba9fcaf8-f007-11ed-967e-7e2e0f2275d2_wolt_8365.png","blurhash":"UMP~o%jH-3M|8wV[g2jc_NkXIUrqu5tR%2Vr"}],"name":"Sauces","slug":"sauces-11","subcategories":[],"item_ids":[]},{"id":"6868a857a0cc802c906f227c","description":"","images":[{"url":"https://wolt-menu-images-cdn.wolt.com/menu-images/63327ccdaf6b62533484dfbf/bab71dde-f007-11ed-967e-7e2e0f2275d2_wolt_7147.png","blurhash":"UMQIn-soxsIW8^V[acoM?^bwR4r;%#tRtSaJ"}],"name":"McCaffe drinks","slug":"mccaffe-drinks-12","subcategories":[],"item_ids":[]},{"id":"6868a857a0cc802c906f2291","description":"","images":[{"url":"https://wolt-menu-images-cdn.wolt.com/menu-images/63327dc73bc3846aaa0c16a4/9f2e834e-d10d-11ee-8815-9ab7e53c20e3_wolt_8504.png","blurhash":"UJQSFsn+w=M|4TjFotRl.So~s8Vr.mtRnoi^"}],"name":"McCafe desserts","slug":"mccafe-desserts-13","subcategories":[],"item_ids":[]},{"id":"6868a857a0cc802c906f2366","description":"","images":[{"url":"https://wolt-menu-images-cdn.wolt.com/menu-images/651aafd6791b5409d944a893/ca73b6d6-3a71-11f0-8d0f-72fd7c813ffa_wolt_8659.png","blurhash":"UKP=irV@.ln4I7aKMcaL?wt7Z~V?X.tR-;V?"}],"name":"Sandwiches","slug":"sandwiches-14","subcategories":[],"item_ids":[]}],"items":[],"options":[],"variant_groups":[]}